"cell_line","reported_sex","XIST_expression..log.thresholds...6.8.","XIST_expression_category","DDX3Y_expression..log.thresholds...6.7.","DDX3Y_expression_category","EIF1AY_expression..log.thresholds...5.6.","EIF1AY_expression_category","KDM5D_expression..log.thresholds...5.6.","KDM5D_expression_category","NLGN4Y_expression..log.thresholds...4.5.","NLGN4Y_expression_category","RPS4Y1_expression..log.thresholds...6.8.","RPS4Y1_expression_category","TMSB4Y_expression..log.thresholds...2.5.3.","TMSB4Y_expression_category","USP9Y_expression..log.thresholds...4.5.","USP9Y_expression_category","UTY_expression..log.thresholds...4.5.","UTY_expression_category","ZFY_expression..log.thresholds...4.5.","ZFY_expression_category"
"X22RV1_PROSTATE",NA,23,"male_range",17478,"high_expression",4971,"high_expression",9959,"high_expression",1309,"high_expression",36161,"high_expression",430,"high_expression",7924,"high_expression",2413,"high_expression",3521,"high_expression"
"X2313287_STOMACH",NA,23,"male_range",10794,"high_expression",2984,"high_expression",7327,"high_expression",3,"female_range",19405,"high_expression",2,"female_range",6460,"high_expression",2007,"high_expression",1688,"high_expression"
"X5637_URINARY_TRACT",NA,15,"male_range",2424,"high_expression",2225,"high_expression",1787,"high_expression",667,"high_expression",16073,"high_expression",1615,"high_expression",2446,"high_expression",981,"high_expression",932,"high_expression"
"X647V_URINARY_TRACT",NA,57,"male_range",8263,"high_expression",127,"female_range",4648,"high_expression",869,"high_expression",65265,"high_expression",1938,"high_expression",5347,"high_expression",3192,"high_expression",2528,"high_expression"
"X697_HAEMATOPOIETIC_AND_LYMPHOID_TISSUE",NA,48,"male_range",8105,"high_expression",5836,"high_expression",12353,"high_expression",2016,"high_expression",68166,"high_expression",507,"high_expression",3326,"high_expression",3205,"high_expression",3004,"high_expression"
"X786O_KIDNEY",NA,14,"male_range",22972,"high_expression",6492,"high_expression",4136,"high_expression",1477,"high_expression",44503,"high_expression",57,"high_expression",6196,"high_expression",2703,"high_expression",2911,"high_expression"
"A172_CENTRAL_NERVOUS_SYSTEM","male",38,"male_range",15374,"high_expression",4977,"high_expression",5736,"high_expression",4968,"high_expression",29466,"high_expression",168,"high_expression",6374,"high_expression",2131,"high_expression",2506,"high_expression"
"A2058_SKIN","male",47,"male_range",19425,"high_expression",4679,"high_expression",5592,"high_expression",1997,"high_expression",44513,"high_expression",53,"high_expression",3244,"high_expression",1570,"high_expression",2287,"high_expression"
"A427_LUNG",NA,56,"male_range",4125,"high_expression",1016,"high_expression",1434,"high_expression",4,"female_range",5386,"high_expression",96,"high_expression",487,"high_expression",249,"high_expression",365,"high_expression"
"A549_LUNG","male",28,"male_range",18125,"high_expression",5287,"high_expression",5006,"high_expression",887,"high_expression",27510,"high_expression",191,"high_expression",5170,"high_expression",1784,"high_expression",2704,"high_expression"
"A704_KIDNEY","male",70,"male_range",10500,"high_expression",7767,"high_expression",4639,"high_expression",746,"high_expression",75193,"high_expression",221,"high_expression",5462,"high_expression",2261,"high_expression",3449,"high_expression"
"ALLSIL_HAEMATOPOIETIC_AND_LYMPHOID_TISSUE","male",57,"male_range",12004,"high_expression",5032,"high_expression",7830,"high_expression",0,"female_range",28963,"high_expression",379,"high_expression",6154,"high_expression",3036,"high_expression",1747,"high_expression"
"AM38_CENTRAL_NERVOUS_SYSTEM","male",54,"male_range",9012,"high_expression",3243,"high_expression",2543,"high_expression",480,"high_expression",25,"female_range",122,"high_expression",2261,"high_expression",1173,"high_expression",1334,"high_expression"
"BDCM_HAEMATOPOIETIC_AND_LYMPHOID_TISSUE","male",29,"male_range",27008,"high_expression",10104,"high_expression",20036,"high_expression",2290,"high_expression",42283,"high_expression",999,"high_expression",8269,"high_expression",4174,"high_expression",3118,"high_expression"
"BHY_UPPER_AERODIGESTIVE_TRACT","male",46,"male_range",9359,"high_expression",1133,"high_expression",3191,"high_expression",29,"female_range",10732,"high_expression",173,"high_expression",5392,"high_expression",2783,"high_expression",839,"high_expression"
"BICR6_UPPER_AERODIGESTIVE_TRACT","male",69,"male_range",2994,"high_expression",1649,"high_expression",1017,"high_expression",158,"high_expression",15075,"high_expression",76,"high_expression",1523,"high_expression",1127,"high_expression",597,"high_expression"
"BL41_HAEMATOPOIETIC_AND_LYMPHOID_TISSUE","male",46,"male_range",17113,"high_expression",8313,"high_expression",11257,"high_expression",0,"female_range",47949,"high_expression",202,"high_expression",4559,"high_expression",2470,"high_expression",1436,"high_expression"
"BL70_HAEMATOPOIETIC_AND_LYMPHOID_TISSUE","male",58,"male_range",27720,"high_expression",9414,"high_expression",9586,"high_expression",0,"female_range",32693,"high_expression",158,"high_expression",3519,"high_expression",2598,"high_expression",1641,"high_expression"
"C32_SKIN","male",25,"male_range",16027,"high_expression",3241,"high_expression",5033,"high_expression",4,"female_range",30095,"high_expression",187,"high_expression",3453,"high_expression",2078,"high_expression",2655,"high_expression"
"C8166_HAEMATOPOIETIC_AND_LYMPHOID_TISSUE",NA,11,"male_range",10269,"high_expression",4033,"high_expression",7398,"high_expression",1002,"high_expression",26635,"high_expression",207,"high_expression",4072,"high_expression",2066,"high_expression",1766,"high_expression"
"CAKI2_KIDNEY","male",44,"male_range",19104,"high_expression",3108,"high_expression",3215,"high_expression",1907,"high_expression",13727,"high_expression",187,"high_expression",7746,"high_expression",3216,"high_expression",2087,"high_expression"
"CAL33_UPPER_AERODIGESTIVE_TRACT","male",71,"male_range",38631,"high_expression",6882,"high_expression",14112,"high_expression",162,"high_expression",62906,"high_expression",419,"high_expression",18196,"high_expression",12936,"high_expression",3078,"high_expression"
"CAL78_BONE","male",142,"male_range",3467,"high_expression",3042,"high_expression",2969,"high_expression",828,"high_expression",5167,"high_expression",18,"intermediate_expression",1738,"high_expression",1009,"high_expression",534,"high_expression"
"CAS1_CENTRAL_NERVOUS_SYSTEM","male",32,"male_range",12157,"high_expression",3071,"high_expression",4880,"high_expression",3177,"high_expression",22019,"high_expression",62,"high_expression",6978,"high_expression",1812,"high_expression",1420,"high_expression"
"CHAGOK1_LUNG","male",59,"male_range",31726,"high_expression",5660,"high_expression",7668,"high_expression",6,"female_range",127318,"high_expression",578,"high_expression",10,"female_range",10370,"high_expression",8301,"high_expression"
"CHP212_AUTONOMIC_GANGLIA",NA,31,"male_range",26638,"high_expression",4154,"high_expression",7832,"high_expression",2084,"high_expression",44830,"high_expression",140,"high_expression",13382,"high_expression",2912,"high_expression",2127,"high_expression"
"CJM_SKIN",NA,50,"male_range",6176,"high_expression",6080,"high_expression",5458,"high_expression",801,"high_expression",28131,"high_expression",22,"high_expression",4483,"high_expression",2622,"high_expression",2649,"high_expression"
"CL11_LARGE_INTESTINE",NA,153,"male_range",8455,"high_expression",4621,"high_expression",4143,"high_expression",0,"female_range",65,"female_range",85,"high_expression",5096,"high_expression",1980,"high_expression",1563,"high_expression"
"CMK_HAEMATOPOIETIC_AND_LYMPHOID_TISSUE","male",49,"male_range",20979,"high_expression",9270,"high_expression",27036,"high_expression",8,"female_range",52807,"high_expression",640,"high_expression",4399,"high_expression",4678,"high_expression",2517,"high_expression"
"COLO201_LARGE_INTESTINE","male",45,"male_range",5028,"high_expression",2466,"high_expression",3790,"high_expression",0,"female_range",59,"female_range",956,"high_expression",10,"female_range",1494,"high_expression",1,"female_range"
"COLO792_SKIN","male",66,"male_range",7432,"high_expression",6001,"high_expression",6129,"high_expression",0,"female_range",68711,"high_expression",157,"high_expression",32,"female_range",2390,"high_expression",1693,"high_expression"
"COLO800_SKIN","male",83,"male_range",27255,"high_expression",5647,"high_expression",8768,"high_expression",141,"intermediate_expression",79412,"high_expression",14,"intermediate_expression",4543,"high_expression",3376,"high_expression",4273,"high_expression"
"CORL105_LUNG","male",62,"male_range",11128,"high_expression",3645,"high_expression",5147,"high_expression",184,"high_expression",7453,"high_expression",158,"high_expression",3625,"high_expression",1417,"high_expression",2093,"high_expression"
"CORL279_LUNG","male",19,"male_range",15432,"high_expression",76,"female_range",5954,"high_expression",666,"high_expression",25442,"high_expression",297,"high_expression",15268,"high_expression",3065,"high_expression",1517,"high_expression"
"CORL47_LUNG","male",48,"male_range",15468,"high_expression",4858,"high_expression",7426,"high_expression",10,"female_range",91202,"high_expression",743,"high_expression",7165,"high_expression",3026,"high_expression",2099,"high_expression"
"CORL95_LUNG","male",58,"male_range",7788,"high_expression",8389,"high_expression",9942,"high_expression",2897,"high_expression",27267,"high_expression",759,"high_expression",4831,"high_expression",5206,"high_expression",3161,"high_expression"
"D283MED_CENTRAL_NERVOUS_SYSTEM","male",54,"male_range",15667,"high_expression",6077,"high_expression",9597,"high_expression",1755,"high_expression",89095,"high_expression",272,"high_expression",8197,"high_expression",3397,"high_expression",2238,"high_expression"
"D341MED_CENTRAL_NERVOUS_SYSTEM","male",49,"male_range",17865,"high_expression",2216,"high_expression",7045,"high_expression",1683,"high_expression",69712,"high_expression",231,"high_expression",7627,"high_expression",2013,"high_expression",877,"high_expression"
"DAUDI_HAEMATOPOIETIC_AND_LYMPHOID_TISSUE","male",61,"male_range",31120,"high_expression",15005,"high_expression",12671,"high_expression",2,"female_range",82914,"high_expression",21,"high_expression",7781,"high_expression",9521,"high_expression",3167,"high_expression"
"DB_HAEMATOPOIETIC_AND_LYMPHOID_TISSUE","male",15,"male_range",19045,"high_expression",21424,"high_expression",9878,"high_expression",1542,"high_expression",58583,"high_expression",411,"high_expression",11911,"high_expression",8536,"high_expression",3499,"high_expression"
"DEL_HAEMATOPOIETIC_AND_LYMPHOID_TISSUE","male",70,"male_range",7832,"high_expression",2566,"high_expression",4958,"high_expression",0,"female_range",29656,"high_expression",201,"high_expression",4698,"high_expression",2188,"high_expression",2151,"high_expression"
"DM3_FIBROBLAST","male",119,"male_range",4976,"high_expression",2636,"high_expression",1564,"high_expression",2084,"high_expression",23555,"high_expression",1,"female_range",4041,"high_expression",818,"high_expression",1651,"high_expression"
"DMS454_LUNG","male",39339,"high_expression",3897,"high_expression",11,"female_range",17,"female_range",571,"high_expression",323,"female_range",176,"high_expression",1141,"high_expression",1244,"high_expression",1404,"high_expression"
"DMS79_LUNG",NA,42,"male_range",6957,"high_expression",2250,"high_expression",4645,"high_expression",1403,"high_expression",9602,"high_expression",480,"high_expression",7284,"high_expression",2303,"high_expression",2016,"high_expression"
"DND41_HAEMATOPOIETIC_AND_LYMPHOID_TISSUE","male",163,"male_range",4461,"high_expression",2288,"high_expression",3567,"high_expression",18,"female_range",18313,"high_expression",335,"high_expression",2548,"high_expression",1663,"high_expression",555,"high_expression"
"DOHH2_HAEMATOPOIETIC_AND_LYMPHOID_TISSUE","male",58,"male_range",21517,"high_expression",9554,"high_expression",13241,"high_expression",25,"female_range",60274,"high_expression",467,"high_expression",4463,"high_expression",5402,"high_expression",2488,"high_expression"
"DU145_PROSTATE","male",144,"male_range",7151,"high_expression",2007,"high_expression",1586,"high_expression",15,"female_range",28481,"high_expression",105,"high_expression",2431,"high_expression",745,"high_expression",1814,"high_expression"
"ECC12_STOMACH","male",2750,"intermediate_expression",34867,"high_expression",14005,"high_expression",39358,"high_expression",8014,"high_expression",90445,"high_expression",926,"high_expression",23961,"high_expression",11424,"high_expression",6712,"high_expression"
"EKVX_LUNG",NA,29,"male_range",13385,"high_expression",3196,"high_expression",5529,"high_expression",1296,"high_expression",32,"female_range",840,"high_expression",6788,"high_expression",1579,"high_expression",2113,"high_expression"
"EOL1_HAEMATOPOIETIC_AND_LYMPHOID_TISSUE","male",62,"male_range",21865,"high_expression",5769,"high_expression",13336,"high_expression",1,"female_range",86313,"high_expression",336,"high_expression",6717,"high_expression",4476,"high_expression",3482,"high_expression"
"EW8_BONE",NA,56,"male_range",39367,"high_expression",11529,"high_expression",11778,"high_expression",4679,"high_expression",116565,"high_expression",443,"high_expression",8238,"high_expression",4864,"high_expression",4788,"high_expression"
"F36P_HAEMATOPOIETIC_AND_LYMPHOID_TISSUE","male",90,"male_range",26015,"high_expression",1667,"high_expression",2086,"high_expression",2,"female_range",127121,"high_expression",6,"female_range",4407,"high_expression",8748,"high_expression",3831,"high_expression"
"G401_SOFT_TISSUE","male",13,"male_range",18247,"high_expression",6390,"high_expression",7941,"high_expression",3389,"high_expression",38224,"high_expression",491,"high_expression",9088,"high_expression",4839,"high_expression",2335,"high_expression"
"GA10_HAEMATOPOIETIC_AND_LYMPHOID_TISSUE","male",87,"male_range",38573,"high_expression",14016,"high_expression",12258,"high_expression",2,"female_range",69728,"high_expression",625,"high_expression",6392,"high_expression",4476,"high_expression",3036,"high_expression"
"GI1_CENTRAL_NERVOUS_SYSTEM","male",48,"male_range",12552,"high_expression",2971,"high_expression",7454,"high_expression",1155,"high_expression",70254,"high_expression",20,"intermediate_expression",4402,"high_expression",1914,"high_expression",4508,"high_expression"
"GMS10_CENTRAL_NERVOUS_SYSTEM","male",49,"male_range",21805,"high_expression",5521,"high_expression",6339,"high_expression",2736,"high_expression",16652,"high_expression",234,"high_expression",8972,"high_expression",3764,"high_expression",3691,"high_expression"
"GOS3_CENTRAL_NERVOUS_SYSTEM","male",88,"male_range",36961,"high_expression",10358,"high_expression",19804,"high_expression",3069,"high_expression",53365,"high_expression",332,"high_expression",19087,"high_expression",8,"female_range",6905,"high_expression"
"H4_CENTRAL_NERVOUS_SYSTEM","male",95,"male_range",19245,"high_expression",5794,"high_expression",9469,"high_expression",2121,"high_expression",51097,"high_expression",188,"high_expression",7601,"high_expression",3773,"high_expression",1433,"high_expression"
"HARA_LUNG","male",85,"male_range",10715,"high_expression",13969,"high_expression",6611,"high_expression",1161,"high_expression",137,"female_range",142,"high_expression",2556,"high_expression",1552,"high_expression",7004,"high_expression"
"HCC1195_LUNG","male",584,"intermediate_expression",3812,"high_expression",1504,"high_expression",2781,"high_expression",2,"female_range",9509,"high_expression",150,"high_expression",1232,"high_expression",1076,"high_expression",520,"high_expression"
"HCC1438_LUNG","male",51,"male_range",13334,"high_expression",3190,"high_expression",4578,"high_expression",2706,"high_expression",43590,"high_expression",284,"high_expression",4279,"high_expression",2294,"high_expression",1579,"high_expression"
"HCC1588_LUNG","female",36,"male_range",6177,"high_expression",3474,"high_expression",3001,"high_expression",2,"female_range",58532,"high_expression",247,"high_expression",1875,"high_expression",2299,"high_expression",1708,"high_expression"
"HCC2450_LUNG",NA,24,"male_range",11701,"high_expression",10,"female_range",3,"female_range",276,"high_expression",18128,"high_expression",0,"female_range",1050,"high_expression",3,"female_range",2253,"high_expression"
"HCC2935_LUNG","male",48,"male_range",12736,"high_expression",5571,"high_expression",9278,"high_expression",11,"female_range",41044,"high_expression",562,"high_expression",12800,"high_expression",5462,"high_expression",3310,"high_expression"
"HCC364_LUNG",NA,65,"male_range",11761,"high_expression",4614,"high_expression",3530,"high_expression",409,"high_expression",47860,"high_expression",108,"high_expression",4207,"high_expression",1832,"high_expression",2379,"high_expression"
"HCC78_LUNG","male",45,"male_range",9332,"high_expression",4988,"high_expression",9086,"high_expression",384,"high_expression",41648,"high_expression",199,"high_expression",7884,"high_expression",1900,"high_expression",2005,"high_expression"
"HCT116_LARGE_INTESTINE","male",27,"male_range",6742,"high_expression",1367,"high_expression",1541,"high_expression",1,"female_range",10651,"high_expression",163,"high_expression",1537,"high_expression",490,"high_expression",668,"high_expression"
"HCT15_LARGE_INTESTINE","male",37,"male_range",15417,"high_expression",6482,"high_expression",6434,"high_expression",0,"female_range",45,"female_range",2310,"high_expression",6258,"high_expression",2535,"high_expression",2208,"high_expression"
"HDLM2_HAEMATOPOIETIC_AND_LYMPHOID_TISSUE","male",53,"male_range",7909,"high_expression",7696,"high_expression",7139,"high_expression",9513,"high_expression",24725,"high_expression",261,"high_expression",7352,"high_expression",2951,"high_expression",2497,"high_expression"
"HDMYZ_HAEMATOPOIETIC_AND_LYMPHOID_TISSUE",NA,30,"male_range",35731,"high_expression",13935,"high_expression",9030,"high_expression",2635,"high_expression",110975,"high_expression",31,"high_expression",11228,"high_expression",4163,"high_expression",3718,"high_expression"
"HEL9217_HAEMATOPOIETIC_AND_LYMPHOID_TISSUE","male",24,"male_range",45278,"high_expression",14653,"high_expression",22347,"high_expression",0,"female_range",55131,"high_expression",638,"high_expression",6748,"high_expression",8944,"high_expression",5298,"high_expression"
"HEL_HAEMATOPOIETIC_AND_LYMPHOID_TISSUE","male",35,"male_range",31954,"high_expression",12613,"high_expression",23868,"high_expression",2,"female_range",80209,"high_expression",763,"high_expression",7069,"high_expression",8004,"high_expression",3573,"high_expression"
"HEPG2_LIVER","male",19,"male_range",16976,"high_expression",3698,"high_expression",5139,"high_expression",2016,"high_expression",42443,"high_expression",22,"high_expression",3482,"high_expression",12,"female_range",1420,"high_expression"
"HPBALL_HAEMATOPOIETIC_AND_LYMPHOID_TISSUE","male",48,"male_range",32101,"high_expression",7372,"high_expression",15129,"high_expression",20,"female_range",67821,"high_expression",541,"high_expression",10910,"high_expression",5678,"high_expression",2088,"high_expression"
"HS172T_FIBROBLAST","male",96,"male_range",13721,"high_expression",6183,"high_expression",3983,"high_expression",1383,"high_expression",16463,"high_expression",71,"high_expression",14126,"high_expression",2172,"high_expression",3633,"high_expression"
"HS229T_FIBROBLAST","male",49,"male_range",8690,"high_expression",4192,"high_expression",3132,"high_expression",1261,"high_expression",35476,"high_expression",72,"high_expression",3925,"high_expression",1194,"high_expression",2713,"high_expression"
"HS600T_FIBROBLAST",NA,35,"male_range",13212,"high_expression",2799,"high_expression",3748,"high_expression",3003,"high_expression",18851,"high_expression",55,"high_expression",4447,"high_expression",1302,"high_expression",2299,"high_expression"
"HS616T_FIBROBLAST","male",36,"male_range",13104,"high_expression",3321,"high_expression",5726,"high_expression",3874,"high_expression",28944,"high_expression",90,"high_expression",7065,"high_expression",2037,"high_expression",3084,"high_expression"
"HS675T_FIBROBLAST","male",68,"male_range",10756,"high_expression",4761,"high_expression",5790,"high_expression",780,"high_expression",36902,"high_expression",7,"female_range",8834,"high_expression",1918,"high_expression",2348,"high_expression"
"HS683_CENTRAL_NERVOUS_SYSTEM","male",196,"male_range",14290,"high_expression",4965,"high_expression",6899,"high_expression",2883,"high_expression",31861,"high_expression",164,"high_expression",6858,"high_expression",2656,"high_expression",2782,"high_expression"
"HS688AT_FIBROBLAST","male",42,"male_range",7825,"high_expression",2281,"high_expression",4633,"high_expression",3782,"high_expression",24720,"high_expression",45,"high_expression",4811,"high_expression",1365,"high_expression",2402,"high_expression"
"HS695T_SKIN","male",61,"male_range",17327,"high_expression",3341,"high_expression",5560,"high_expression",1758,"high_expression",32757,"high_expression",134,"high_expression",3575,"high_expression",2845,"high_expression",2442,"high_expression"
"HS729_SOFT_TISSUE","male",46,"male_range",17764,"high_expression",158,"intermediate_expression",6470,"high_expression",13941,"high_expression",40588,"high_expression",264,"high_expression",10698,"high_expression",2846,"high_expression",3682,"high_expression"
"HS746T_STOMACH","male",26,"male_range",18022,"high_expression",2237,"high_expression",3559,"high_expression",208,"high_expression",2130,"intermediate_expression",162,"high_expression",5060,"high_expression",1516,"high_expression",2096,"high_expression"
"HS751T_FIBROBLAST",NA,58,"male_range",12316,"high_expression",2091,"high_expression",6109,"high_expression",1942,"high_expression",24176,"high_expression",48,"high_expression",6296,"high_expression",1619,"high_expression",2644,"high_expression"
"HS840T_FIBROBLAST","male",48,"male_range",11222,"high_expression",3320,"high_expression",4484,"high_expression",1249,"high_expression",24866,"high_expression",38,"high_expression",5138,"high_expression",1158,"high_expression",2146,"high_expression"
"HS852T_SKIN",NA,47,"male_range",6191,"high_expression",5402,"high_expression",3545,"high_expression",1971,"high_expression",33125,"high_expression",156,"high_expression",1615,"high_expression",2025,"high_expression",1550,"high_expression"
"HS870T_FIBROBLAST",NA,33,"male_range",18875,"high_expression",5981,"high_expression",5159,"high_expression",2957,"high_expression",39482,"high_expression",87,"high_expression",6760,"high_expression",1391,"high_expression",3536,"high_expression"
"HS888T_FIBROBLAST","male",27,"male_range",16418,"high_expression",4599,"high_expression",6254,"high_expression",2422,"high_expression",34384,"high_expression",38,"high_expression",6729,"high_expression",1640,"high_expression",3279,"high_expression"
"HS936T_SKIN","male",13,"male_range",18143,"high_expression",6923,"high_expression",9382,"high_expression",627,"high_expression",51189,"high_expression",27,"high_expression",6462,"high_expression",4005,"high_expression",2350,"high_expression"
"HS940T_FIBROBLAST","male",37,"male_range",15941,"high_expression",3845,"high_expression",5873,"high_expression",973,"high_expression",26768,"high_expression",40,"high_expression",8305,"high_expression",1706,"high_expression",2790,"high_expression"
"HS944T_SKIN","male",158,"male_range",11436,"high_expression",3761,"high_expression",2968,"high_expression",236,"high_expression",43078,"high_expression",111,"high_expression",2014,"high_expression",968,"high_expression",1723,"high_expression"
"HSC2_UPPER_AERODIGESTIVE_TRACT","male",41,"male_range",2478,"high_expression",594,"high_expression",866,"high_expression",478,"high_expression",9855,"high_expression",37,"high_expression",1243,"high_expression",676,"high_expression",334,"high_expression"
"HSC3_UPPER_AERODIGESTIVE_TRACT","male",19,"male_range",11867,"high_expression",2823,"high_expression",2841,"high_expression",672,"high_expression",25827,"high_expression",58,"high_expression",4137,"high_expression",1611,"high_expression",1953,"high_expression"
"HT1080_SOFT_TISSUE","male",41,"male_range",23519,"high_expression",4299,"high_expression",5068,"high_expression",641,"high_expression",59889,"high_expression",4,"female_range",3316,"high_expression",1237,"high_expression",2368,"high_expression"
"HT1197_URINARY_TRACT","male",24698,"high_expression",18336,"high_expression",3978,"high_expression",5490,"high_expression",309,"high_expression",59309,"high_expression",110,"high_expression",164,"high_expression",3309,"high_expression",2089,"high_expression"
"HT_HAEMATOPOIETIC_AND_LYMPHOID_TISSUE","male",93,"male_range",30403,"high_expression",8373,"high_expression",11281,"high_expression",0,"female_range",63807,"high_expression",52,"high_expression",8881,"high_expression",3838,"high_expression",2310,"high_expression"
"HUCCT1_BILIARY_TRACT","male",41,"male_range",6434,"high_expression",5829,"high_expression",1182,"high_expression",2,"female_range",43905,"high_expression",224,"high_expression",2976,"high_expression",809,"high_expression",1692,"high_expression"
"HUH1_LIVER","male",871,"intermediate_expression",12367,"high_expression",2177,"high_expression",3721,"high_expression",11,"female_range",27887,"high_expression",102,"high_expression",3316,"high_expression",1476,"high_expression",1554,"high_expression"
"HUH6_LIVER","male",131,"male_range",16616,"high_expression",4813,"high_expression",9392,"high_expression",997,"high_expression",29012,"high_expression",8,"female_range",3175,"high_expression",2361,"high_expression",2832,"high_expression"
"HUNS1_HAEMATOPOIETIC_AND_LYMPHOID_TISSUE","male",45,"male_range",21219,"high_expression",10679,"high_expression",14880,"high_expression",509,"high_expression",39373,"high_expression",762,"high_expression",6136,"high_expression",3225,"high_expression",2715,"high_expression"
"HUPT3_PANCREAS","male",45,"male_range",5761,"high_expression",2996,"high_expression",3559,"high_expression",1227,"high_expression",27310,"high_expression",122,"high_expression",3003,"high_expression",1594,"high_expression",1109,"high_expression"
"HUT102_HAEMATOPOIETIC_AND_LYMPHOID_TISSUE","male",50,"male_range",32690,"high_expression",8032,"high_expression",14172,"high_expression",1612,"high_expression",29679,"high_expression",273,"high_expression",11555,"high_expression",4837,"high_expression",2769,"high_expression"
"HUTU80_SMALL_INTESTINE","male",30,"male_range",20980,"high_expression",4274,"high_expression",8165,"high_expression",110,"intermediate_expression",55114,"high_expression",658,"high_expression",3784,"high_expression",2695,"high_expression",2543,"high_expression"
"IGR1_SKIN","male",59,"male_range",14024,"high_expression",5181,"high_expression",5967,"high_expression",23,"female_range",55417,"high_expression",55,"high_expression",3412,"high_expression",2131,"high_expression",2281,"high_expression"
"IGR37_SKIN","male",39,"male_range",19025,"high_expression",5304,"high_expression",7942,"high_expression",189,"high_expression",55920,"high_expression",76,"high_expression",2597,"high_expression",4283,"high_expression",3387,"high_expression"
"IGR39_SKIN","male",42,"male_range",16042,"high_expression",3829,"high_expression",5491,"high_expression",202,"high_expression",62188,"high_expression",117,"high_expression",5598,"high_expression",4577,"high_expression",3053,"high_expression"
"IMR32_AUTONOMIC_GANGLIA","male",57,"male_range",16930,"high_expression",3995,"high_expression",5435,"high_expression",2347,"high_expression",53405,"high_expression",1,"female_range",4217,"high_expression",2231,"high_expression",1144,"high_expression"
"INA6_HAEMATOPOIETIC_AND_LYMPHOID_TISSUE",NA,323,"male_range",10568,"high_expression",8690,"high_expression",14806,"high_expression",12,"female_range",20195,"high_expression",266,"high_expression",1245,"high_expression",3513,"high_expression",1663,"high_expression"
"ISTMES2_PLEURA","male",124,"male_range",19956,"high_expression",5530,"high_expression",6444,"high_expression",2120,"high_expression",47520,"high_expression",0,"female_range",5706,"high_expression",2361,"high_expression",3305,"high_expression"
"J82_URINARY_TRACT","male",53,"male_range",8983,"high_expression",3928,"high_expression",3070,"high_expression",468,"high_expression",30014,"high_expression",90,"high_expression",2548,"high_expression",1595,"high_expression",2496,"high_expression"
"JHH2_LIVER","male",67,"male_range",13150,"high_expression",6114,"high_expression",7469,"high_expression",3680,"high_expression",63058,"high_expression",41,"high_expression",1348,"high_expression",3954,"high_expression",5019,"high_expression"
"JHH5_LIVER","male",37,"male_range",18112,"high_expression",2689,"high_expression",4651,"high_expression",192,"high_expression",39023,"high_expression",201,"high_expression",3448,"high_expression",1936,"high_expression",1973,"high_expression"
"JHH7_LIVER","male",39,"male_range",15592,"high_expression",4211,"high_expression",5182,"high_expression",2,"female_range",25244,"high_expression",0,"female_range",6,"female_range",1321,"high_expression",939,"high_expression"
"JK1_HAEMATOPOIETIC_AND_LYMPHOID_TISSUE","male",37,"male_range",24026,"high_expression",30435,"high_expression",20483,"high_expression",0,"female_range",43372,"high_expression",301,"high_expression",3,"female_range",6545,"high_expression",3153,"high_expression"
"JL1_PLEURA","male",31,"male_range",10436,"high_expression",1887,"high_expression",3166,"high_expression",2409,"high_expression",40866,"high_expression",0,"female_range",3027,"high_expression",1301,"high_expression",1687,"high_expression"
"JM1_HAEMATOPOIETIC_AND_LYMPHOID_TISSUE",NA,63,"male_range",28614,"high_expression",13944,"high_expression",9109,"high_expression",79,"intermediate_expression",34968,"high_expression",310,"high_expression",14428,"high_expression",2181,"high_expression",2938,"high_expression"
"JURKAT_HAEMATOPOIETIC_AND_LYMPHOID_TISSUE","male",56,"male_range",2669,"high_expression",3012,"high_expression",3586,"high_expression",2,"female_range",12338,"high_expression",164,"high_expression",2535,"high_expression",2154,"high_expression",458,"high_expression"
"JURLMK1_HAEMATOPOIETIC_AND_LYMPHOID_TISSUE","male",70,"male_range",18069,"high_expression",6585,"high_expression",6562,"high_expression",2,"female_range",59798,"high_expression",196,"high_expression",2223,"high_expression",3841,"high_expression",988,"high_expression"
"JVM3_HAEMATOPOIETIC_AND_LYMPHOID_TISSUE","male",160,"male_range",13101,"high_expression",4414,"high_expression",5645,"high_expression",1543,"high_expression",21982,"high_expression",579,"high_expression",4682,"high_expression",4934,"high_expression",2435,"high_expression"
"KARPAS299_HAEMATOPOIETIC_AND_LYMPHOID_TISSUE","male",48,"male_range",8734,"high_expression",5394,"high_expression",9,"female_range",0,"female_range",35187,"high_expression",163,"high_expression",6,"female_range",2193,"high_expression",2665,"high_expression"
"KASUMI6_HAEMATOPOIETIC_AND_LYMPHOID_TISSUE","male",42,"male_range",26106,"high_expression",4324,"high_expression",17526,"high_expression",62,"intermediate_expression",34,"female_range",578,"high_expression",6970,"high_expression",3321,"high_expression",1662,"high_expression"
"KE37_HAEMATOPOIETIC_AND_LYMPHOID_TISSUE","male",59,"male_range",11251,"high_expression",5387,"high_expression",13361,"high_expression",0,"female_range",35313,"high_expression",337,"high_expression",7224,"high_expression",4097,"high_expression",2078,"high_expression"
"KG1C_CENTRAL_NERVOUS_SYSTEM","male",64,"male_range",18908,"high_expression",3655,"high_expression",4596,"high_expression",3970,"high_expression",87699,"high_expression",113,"high_expression",6524,"high_expression",2785,"high_expression",6110,"high_expression"
"KG1_HAEMATOPOIETIC_AND_LYMPHOID_TISSUE","male",47,"male_range",15937,"high_expression",9045,"high_expression",28249,"high_expression",0,"female_range",27066,"high_expression",230,"high_expression",7032,"high_expression",4222,"high_expression",2023,"high_expression"
"KIJK_HAEMATOPOIETIC_AND_LYMPHOID_TISSUE","male",46,"male_range",7495,"high_expression",2604,"high_expression",2839,"high_expression",0,"female_range",36707,"high_expression",20,"intermediate_expression",2335,"high_expression",1137,"high_expression",1922,"high_expression"
"KMRC3_KIDNEY","male",53,"male_range",11260,"high_expression",3211,"high_expression",5660,"high_expression",2750,"high_expression",29018,"high_expression",146,"high_expression",7540,"high_expression",2034,"high_expression",2255,"high_expression"
"KMS26_HAEMATOPOIETIC_AND_LYMPHOID_TISSUE","male",46,"male_range",7617,"high_expression",4292,"high_expression",1,"female_range",0,"female_range",442,"intermediate_expression",529,"high_expression",10,"female_range",2809,"high_expression",1123,"high_expression"
"KMS27_HAEMATOPOIETIC_AND_LYMPHOID_TISSUE","male",46,"male_range",2901,"high_expression",3297,"high_expression",12,"female_range",0,"female_range",27,"female_range",71,"high_expression",1132,"high_expression",802,"high_expression",720,"high_expression"
"KNS81_CENTRAL_NERVOUS_SYSTEM","male",53,"male_range",13788,"high_expression",4436,"high_expression",4409,"high_expression",2851,"high_expression",34736,"high_expression",74,"high_expression",9953,"high_expression",2183,"high_expression",2202,"high_expression"
"KO52_HAEMATOPOIETIC_AND_LYMPHOID_TISSUE","male",29,"male_range",13813,"high_expression",5744,"high_expression",17856,"high_expression",8,"female_range",46116,"high_expression",285,"high_expression",6053,"high_expression",4501,"high_expression",2863,"high_expression"
"KPMRTRY_SOFT_TISSUE",NA,18,"male_range",10062,"high_expression",879,"high_expression",2920,"high_expression",660,"high_expression",18796,"high_expression",54,"high_expression",4551,"high_expression",1088,"high_expression",1401,"high_expression"
"KPNSI9S_AUTONOMIC_GANGLIA",NA,41,"male_range",20816,"high_expression",6888,"high_expression",12024,"high_expression",4846,"high_expression",80251,"high_expression",312,"high_expression",6587,"high_expression",1790,"high_expression",3038,"high_expression"
"KPNYN_AUTONOMIC_GANGLIA","male",62,"male_range",12062,"high_expression",3887,"high_expression",4453,"high_expression",5071,"high_expression",43637,"high_expression",379,"high_expression",6754,"high_expression",1947,"high_expression",1989,"high_expression"
"KU812_HAEMATOPOIETIC_AND_LYMPHOID_TISSUE","male",62,"male_range",39797,"high_expression",16832,"high_expression",17182,"high_expression",0,"female_range",66617,"high_expression",472,"high_expression",4734,"high_expression",4793,"high_expression",4960,"high_expression"
"KYSE270_OESOPHAGUS","male",28,"male_range",10487,"high_expression",1470,"high_expression",4599,"high_expression",665,"high_expression",14956,"high_expression",101,"high_expression",1866,"high_expression",1285,"high_expression",981,"high_expression"
"LCLC103H_LUNG","male",55,"male_range",5728,"high_expression",1634,"high_expression",1650,"high_expression",20,"female_range",17230,"high_expression",34,"high_expression",1815,"high_expression",981,"high_expression",583,"high_expression"
"LN18_CENTRAL_NERVOUS_SYSTEM","male",85,"male_range",17406,"high_expression",2025,"high_expression",4608,"high_expression",11,"female_range",27361,"high_expression",144,"high_expression",4212,"high_expression",1913,"high_expression",1828,"high_expression"
"LN235_CENTRAL_NERVOUS_SYSTEM","male",27,"male_range",23982,"high_expression",5734,"high_expression",6199,"high_expression",3768,"high_expression",27437,"high_expression",120,"high_expression",6766,"high_expression",3002,"high_expression",2869,"high_expression"
"LN319_CENTRAL_NERVOUS_SYSTEM","male",10,"male_range",7220,"high_expression",1671,"high_expression",3531,"high_expression",1235,"high_expression",11398,"high_expression",146,"high_expression",3647,"high_expression",1175,"high_expression",774,"high_expression"
"LN340_CENTRAL_NERVOUS_SYSTEM","male",159,"male_range",15488,"high_expression",4598,"high_expression",5428,"high_expression",2352,"high_expression",34838,"high_expression",105,"high_expression",7537,"high_expression",2736,"high_expression",1966,"high_expression"
"LN428_CENTRAL_NERVOUS_SYSTEM","male",27,"male_range",23524,"high_expression",3089,"high_expression",8322,"high_expression",1403,"high_expression",42154,"high_expression",177,"high_expression",3951,"high_expression",3211,"high_expression",2110,"high_expression"
"LNCAPCLONEFGC_PROSTATE","male",75,"male_range",18038,"high_expression",4900,"high_expression",5377,"high_expression",1057,"high_expression",47351,"high_expression",0,"female_range",46329,"high_expression",1759,"high_expression",2885,"high_expression"
"LOVO_LARGE_INTESTINE","male",43,"male_range",10700,"high_expression",4973,"high_expression",11847,"high_expression",5,"female_range",42168,"high_expression",1252,"high_expression",2838,"high_expression",2256,"high_expression",2431,"high_expression"
"LS1034_LARGE_INTESTINE","male",48,"male_range",9525,"high_expression",4796,"high_expression",5354,"high_expression",2,"female_range",20596,"high_expression",1288,"high_expression",594,"high_expression",3318,"high_expression",2872,"high_expression"
"LS513_LARGE_INTESTINE","male",32,"male_range",8808,"high_expression",3832,"high_expression",4488,"high_expression",3,"female_range",49367,"high_expression",235,"high_expression",1423,"high_expression",1920,"high_expression",2130,"high_expression"
"LXF289_LUNG","male",40,"male_range",13905,"high_expression",1501,"high_expression",3248,"high_expression",445,"high_expression",57,"female_range",60,"high_expression",4375,"high_expression",1701,"high_expression",912,"high_expression"
"M059K_CENTRAL_NERVOUS_SYSTEM","male",61,"male_range",11136,"high_expression",2255,"high_expression",2019,"high_expression",1419,"high_expression",14613,"high_expression",53,"high_expression",2606,"high_expression",1340,"high_expression",1014,"high_expression"
"MALME3M_SKIN","male",38,"male_range",8548,"high_expression",4079,"high_expression",5016,"high_expression",65,"intermediate_expression",19548,"high_expression",156,"high_expression",3595,"high_expression",2257,"high_expression",2381,"high_expression"
"MC116_HAEMATOPOIETIC_AND_LYMPHOID_TISSUE","male",37,"male_range",18453,"high_expression",6,"female_range",7848,"high_expression",2,"female_range",30677,"high_expression",430,"high_expression",2782,"high_expression",3557,"high_expression",1968,"high_expression"
"MDAPCA2B_PROSTATE","male",37,"male_range",8452,"high_expression",5811,"high_expression",8781,"high_expression",0,"female_range",32809,"high_expression",376,"high_expression",24342,"high_expression",1191,"high_expression",1960,"high_expression"
"ME1_HAEMATOPOIETIC_AND_LYMPHOID_TISSUE","male",21,"male_range",8090,"high_expression",2686,"high_expression",8276,"high_expression",0,"female_range",37874,"high_expression",365,"high_expression",1244,"high_expression",2448,"high_expression",1120,"high_expression"
"MEC1_HAEMATOPOIETIC_AND_LYMPHOID_TISSUE","male",29,"male_range",14435,"high_expression",9967,"high_expression",8062,"high_expression",296,"high_expression",39301,"high_expression",414,"high_expression",4761,"high_expression",4225,"high_expression",2435,"high_expression"
"MEG01_HAEMATOPOIETIC_AND_LYMPHOID_TISSUE","male",25,"male_range",78570,"high_expression",8370,"high_expression",19854,"high_expression",30,"female_range",200388,"high_expression",649,"high_expression",3576,"high_expression",9144,"high_expression",8222,"high_expression"
"MEWO_SKIN","male",24,"male_range",13596,"high_expression",3867,"high_expression",7472,"high_expression",566,"high_expression",46210,"high_expression",89,"high_expression",3072,"high_expression",2472,"high_expression",2789,"high_expression"
"MG63_BONE","male",242,"male_range",18795,"high_expression",3344,"high_expression",3484,"high_expression",2106,"high_expression",138190,"high_expression",27,"high_expression",4850,"high_expression",1354,"high_expression",4503,"high_expression"
"MHHCALL4_HAEMATOPOIETIC_AND_LYMPHOID_TISSUE","male",54,"male_range",3042,"high_expression",662,"high_expression",983,"high_expression",1,"female_range",4905,"high_expression",80,"high_expression",690,"high_expression",513,"high_expression",275,"high_expression"
"MHHNB11_AUTONOMIC_GANGLIA","male",82,"male_range",28419,"high_expression",3785,"high_expression",10504,"high_expression",1448,"high_expression",74988,"high_expression",221,"high_expression",5739,"high_expression",4360,"high_expression",692,"high_expression"
"MINO_HAEMATOPOIETIC_AND_LYMPHOID_TISSUE","male",87,"male_range",26814,"high_expression",16195,"high_expression",13672,"high_expression",0,"female_range",482,"intermediate_expression",217,"high_expression",8744,"high_expression",4133,"high_expression",4808,"high_expression"
"MJ_HAEMATOPOIETIC_AND_LYMPHOID_TISSUE","male",53,"male_range",34582,"high_expression",12586,"high_expression",10243,"high_expression",1893,"high_expression",52668,"high_expression",89,"high_expression",7730,"high_expression",3443,"high_expression",3459,"high_expression"
"MOLM13_HAEMATOPOIETIC_AND_LYMPHOID_TISSUE","male",26,"male_range",17599,"high_expression",5033,"high_expression",7591,"high_expression",0,"female_range",42241,"high_expression",253,"high_expression",16,"female_range",2052,"high_expression",2213,"high_expression"
"MOLM6_HAEMATOPOIETIC_AND_LYMPHOID_TISSUE","male",49,"male_range",34205,"high_expression",7549,"high_expression",24256,"high_expression",0,"female_range",124085,"high_expression",559,"high_expression",13126,"high_expression",6450,"high_expression",2303,"high_expression"
"MOLT3_HAEMATOPOIETIC_AND_LYMPHOID_TISSUE","male",82,"male_range",29907,"high_expression",11053,"high_expression",11566,"high_expression",772,"high_expression",76551,"high_expression",620,"high_expression",11781,"high_expression",5995,"high_expression",3079,"high_expression"
"MONOMAC1_HAEMATOPOIETIC_AND_LYMPHOID_TISSUE","male",41,"male_range",10643,"high_expression",3866,"high_expression",6759,"high_expression",2,"female_range",31833,"high_expression",249,"high_expression",2662,"high_expression",2550,"high_expression",2117,"high_expression"
"MPP89_PLEURA","male",49,"male_range",40252,"high_expression",15003,"high_expression",10901,"high_expression",4340,"high_expression",81357,"high_expression",2,"female_range",12551,"high_expression",6768,"high_expression",5302,"high_expression"
"MSTO211H_PLEURA","male",43,"male_range",12576,"high_expression",4274,"high_expression",4380,"high_expression",1202,"high_expression",45703,"high_expression",7,"female_range",4111,"high_expression",2326,"high_expression",1540,"high_expression"
"MUTZ3_HAEMATOPOIETIC_AND_LYMPHOID_TISSUE","male",57,"male_range",12099,"high_expression",2965,"high_expression",9496,"high_expression",2,"female_range",19860,"high_expression",210,"high_expression",4537,"high_expression",3358,"high_expression",2332,"high_expression"
"MV411_HAEMATOPOIETIC_AND_LYMPHOID_TISSUE","male",28,"male_range",20556,"high_expression",4109,"high_expression",11217,"high_expression",14,"female_range",61936,"high_expression",273,"high_expression",73,"intermediate_expression",2487,"high_expression",2145,"high_expression"
"NALM19_HAEMATOPOIETIC_AND_LYMPHOID_TISSUE","male",80,"male_range",30628,"high_expression",8716,"high_expression",11700,"high_expression",7,"female_range",24502,"high_expression",637,"high_expression",6663,"high_expression",5681,"high_expression",4517,"high_expression"
"NALM6_HAEMATOPOIETIC_AND_LYMPHOID_TISSUE","male",33,"male_range",24248,"high_expression",5420,"high_expression",23,"female_range",0,"female_range",31409,"high_expression",1458,"high_expression",15075,"high_expression",5522,"high_expression",2582,"high_expression"
"NCIH1092_LUNG","male",51,"male_range",9430,"high_expression",4618,"high_expression",5710,"high_expression",1911,"high_expression",11571,"high_expression",210,"high_expression",9197,"high_expression",2658,"high_expression",1994,"high_expression"
"NCIH1563_LUNG","male",62,"male_range",26948,"high_expression",8930,"high_expression",14042,"high_expression",9048,"high_expression",57269,"high_expression",172,"high_expression",20136,"high_expression",3538,"high_expression",6151,"high_expression"
"NCIH1581_LUNG","male",51,"male_range",3259,"high_expression",846,"high_expression",1820,"high_expression",0,"female_range",6840,"high_expression",95,"high_expression",533,"high_expression",312,"high_expression",349,"high_expression"
"NCIH1648_LUNG","male",69,"male_range",14963,"high_expression",3753,"high_expression",7558,"high_expression",799,"high_expression",36472,"high_expression",294,"high_expression",7240,"high_expression",3636,"high_expression",2376,"high_expression"
"NCIH1651_LUNG","male",43,"male_range",12280,"high_expression",4414,"high_expression",9766,"high_expression",958,"high_expression",22,"female_range",242,"high_expression",6733,"high_expression",2601,"high_expression",1,"female_range"
"NCIH1703_LUNG","male",66,"male_range",23360,"high_expression",4818,"high_expression",4385,"high_expression",2407,"high_expression",39548,"high_expression",204,"high_expression",8471,"high_expression",1704,"high_expression",1954,"high_expression"
"NCIH1876_LUNG","male",84,"male_range",8465,"high_expression",3226,"high_expression",7025,"high_expression",1264,"high_expression",15180,"high_expression",170,"high_expression",9502,"high_expression",2715,"high_expression",1927,"high_expression"
"NCIH1963_LUNG","male",81,"male_range",17285,"high_expression",15,"female_range",19,"female_range",3161,"high_expression",15978,"high_expression",495,"high_expression",20358,"high_expression",5446,"high_expression",4524,"high_expression"
"NCIH196_LUNG","male",71,"male_range",7777,"high_expression",1854,"high_expression",3810,"high_expression",788,"high_expression",13248,"high_expression",272,"high_expression",3280,"high_expression",1570,"high_expression",2674,"high_expression"
"NCIH2004RT_SOFT_TISSUE",NA,15,"male_range",24944,"high_expression",3423,"high_expression",6367,"high_expression",1942,"high_expression",69911,"high_expression",317,"high_expression",6991,"high_expression",2302,"high_expression",2901,"high_expression"
"NCIH2085_LUNG","male",71,"male_range",30305,"high_expression",5514,"high_expression",12301,"high_expression",1583,"high_expression",68402,"high_expression",350,"high_expression",18097,"high_expression",4490,"high_expression",4298,"high_expression"
"NCIH209_LUNG","male",72,"male_range",12305,"high_expression",8336,"high_expression",11792,"high_expression",1925,"high_expression",25430,"high_expression",645,"high_expression",9862,"high_expression",4028,"high_expression",2966,"high_expression"
"NCIH2106_LUNG","male",106,"male_range",9227,"high_expression",4768,"high_expression",7172,"high_expression",0,"female_range",44,"female_range",5,"female_range",130,"intermediate_expression",2105,"high_expression",1858,"high_expression"
"NCIH2171_LUNG","male",34,"male_range",14264,"high_expression",4478,"high_expression",6115,"high_expression",880,"high_expression",19328,"high_expression",2324,"high_expression",8009,"high_expression",2712,"high_expression",1605,"high_expression"
"NCIH2196_LUNG","male",75,"male_range",31671,"high_expression",10106,"high_expression",23288,"high_expression",4857,"high_expression",27210,"high_expression",1677,"high_expression",14810,"high_expression",9153,"high_expression",5166,"high_expression"
"NCIH226_LUNG","male",16,"male_range",17233,"high_expression",3790,"high_expression",1994,"high_expression",2302,"high_expression",46292,"high_expression",116,"high_expression",3398,"high_expression",1609,"high_expression",2608,"high_expression"
"NCIH2291_LUNG","male",183,"male_range",9052,"high_expression",16,"female_range",15,"female_range",4,"female_range",33025,"high_expression",185,"high_expression",5577,"high_expression",1870,"high_expression",1429,"high_expression"
"NCIH2342_LUNG","male",37,"male_range",13496,"high_expression",5,"female_range",7,"female_range",3,"female_range",31041,"high_expression",326,"high_expression",4512,"high_expression",2975,"high_expression",2110,"high_expression"
"NCIH2452_PLEURA","male",40,"male_range",26056,"high_expression",4819,"high_expression",5123,"high_expression",750,"high_expression",24744,"high_expression",59,"high_expression",5015,"high_expression",4098,"high_expression",2934,"high_expression"
"NCIH2887_LUNG",NA,33,"male_range",23863,"high_expression",13123,"high_expression",4468,"high_expression",481,"high_expression",28,"female_range",4568,"high_expression",4635,"high_expression",2610,"high_expression",4,"female_range"
"NCIH28_PLEURA","male",52,"male_range",16046,"high_expression",4101,"high_expression",4795,"high_expression",2081,"high_expression",55058,"high_expression",180,"high_expression",6682,"high_expression",1809,"high_expression",1693,"high_expression"
"NCIH322_LUNG","male",82,"male_range",9956,"high_expression",3711,"high_expression",5948,"high_expression",658,"high_expression",20054,"high_expression",294,"high_expression",4693,"high_expression",1846,"high_expression",2086,"high_expression"
"NCIH358_LUNG","male",87,"male_range",10558,"high_expression",3565,"high_expression",4353,"high_expression",450,"high_expression",30142,"high_expression",1216,"high_expression",5262,"high_expression",2001,"high_expression",1617,"high_expression"
"NCIH441_LUNG",NA,51,"male_range",3130,"high_expression",857,"high_expression",1331,"high_expression",1,"female_range",42,"female_range",98,"high_expression",1619,"high_expression",752,"high_expression",587,"high_expression"
"NCIH446_LUNG","male",4291,"high_expression",12105,"high_expression",2651,"high_expression",5470,"high_expression",127,"intermediate_expression",20508,"high_expression",280,"high_expression",2735,"high_expression",1809,"high_expression",807,"high_expression"
"NCIH460_LUNG","male",23,"male_range",27355,"high_expression",12082,"high_expression",7811,"high_expression",2695,"high_expression",97641,"high_expression",197,"high_expression",2507,"high_expression",2037,"high_expression",1460,"high_expression"
"NCIH526_LUNG","male",305,"male_range",5490,"high_expression",3112,"high_expression",4577,"high_expression",959,"high_expression",11390,"high_expression",403,"high_expression",3219,"high_expression",1973,"high_expression",660,"high_expression"
"NCIH661_LUNG","male",169,"male_range",15260,"high_expression",4496,"high_expression",7501,"high_expression",11,"female_range",22806,"high_expression",235,"high_expression",4552,"high_expression",2816,"high_expression",2389,"high_expression"
"NCIH684_LIVER",NA,53,"male_range",821,"intermediate_expression",619,"high_expression",1026,"high_expression",0,"female_range",8737,"high_expression",38,"high_expression",390,"high_expression",273,"high_expression",249,"high_expression"
"NCIH69_LUNG","male",77,"male_range",13069,"high_expression",7856,"high_expression",11593,"high_expression",5,"female_range",22106,"high_expression",7,"female_range",9134,"high_expression",3213,"high_expression",1938,"high_expression"
"NCIH747_LARGE_INTESTINE","male",147,"male_range",5406,"high_expression",1493,"high_expression",1480,"high_expression",4,"female_range",14239,"high_expression",710,"high_expression",1510,"high_expression",1564,"high_expression",983,"high_expression"
"NCIH810_LUNG","male",87,"male_range",10563,"high_expression",2,"female_range",3,"female_range",2526,"high_expression",205525,"high_expression",185,"high_expression",4706,"high_expression",2793,"high_expression",12928,"high_expression"
"NCIH841_LUNG","male",84,"male_range",40723,"high_expression",7232,"high_expression",13377,"high_expression",972,"high_expression",112186,"high_expression",669,"high_expression",9138,"high_expression",4705,"high_expression",2723,"high_expression"
"NCIN87_STOMACH","male",63,"male_range",22219,"high_expression",7065,"high_expression",11518,"high_expression",3,"female_range",105259,"high_expression",818,"high_expression",9168,"high_expression",5222,"high_expression",4829,"high_expression"
"NHAHTDD_CENTRAL_NERVOUS_SYSTEM",NA,12,"male_range",9610,"high_expression",3397,"high_expression",6156,"high_expression",1210,"high_expression",33695,"high_expression",8,"female_range",6234,"high_expression",2993,"high_expression",3463,"high_expression"
"NUDHL1_HAEMATOPOIETIC_AND_LYMPHOID_TISSUE","male",56,"male_range",19082,"high_expression",6966,"high_expression",5443,"high_expression",34,"female_range",90307,"high_expression",239,"high_expression",5050,"high_expression",4483,"high_expression",3236,"high_expression"
"OCIAML2_HAEMATOPOIETIC_AND_LYMPHOID_TISSUE","male",41,"male_range",18096,"high_expression",4272,"high_expression",13571,"high_expression",0,"female_range",76020,"high_expression",101,"high_expression",14,"female_range",4952,"high_expression",2844,"high_expression"
"OCIAML5_HAEMATOPOIETIC_AND_LYMPHOID_TISSUE","male",121,"male_range",14858,"high_expression",4669,"high_expression",28876,"high_expression",3,"female_range",73040,"high_expression",334,"high_expression",213,"high_expression",2732,"high_expression",2061,"high_expression"
"OCILY3_HAEMATOPOIETIC_AND_LYMPHOID_TISSUE",NA,53,"male_range",54277,"high_expression",22061,"high_expression",28906,"high_expression",3708,"high_expression",99605,"high_expression",728,"high_expression",16860,"high_expression",9207,"high_expression",4540,"high_expression"
"OCIMY5_HAEMATOPOIETIC_AND_LYMPHOID_TISSUE",NA,22,"male_range",21718,"high_expression",9900,"high_expression",6851,"high_expression",0,"female_range",27,"female_range",1049,"high_expression",6050,"high_expression",4823,"high_expression",1009,"high_expression"
"OCIMY7_HAEMATOPOIETIC_AND_LYMPHOID_TISSUE",NA,58,"male_range",22370,"high_expression",4471,"high_expression",12195,"high_expression",0,"female_range",41369,"high_expression",20,"intermediate_expression",4830,"high_expression",1172,"high_expression",1186,"high_expression"
"OE21_OESOPHAGUS","male",43,"male_range",1691,"high_expression",1161,"high_expression",863,"high_expression",400,"high_expression",8566,"high_expression",54,"high_expression",715,"high_expression",506,"high_expression",443,"high_expression"
"OSRC2_KIDNEY","male",54,"male_range",18398,"high_expression",4458,"high_expression",6686,"high_expression",2981,"high_expression",42296,"high_expression",215,"high_expression",7870,"high_expression",3131,"high_expression",2727,"high_expression"
"P31FUJ_HAEMATOPOIETIC_AND_LYMPHOID_TISSUE","male",104,"male_range",16881,"high_expression",7463,"high_expression",7823,"high_expression",4,"female_range",34871,"high_expression",394,"high_expression",3777,"high_expression",3922,"high_expression",3706,"high_expression"
"PECAPJ15_UPPER_AERODIGESTIVE_TRACT","male",37,"male_range",5108,"high_expression",2157,"high_expression",4122,"high_expression",789,"high_expression",14026,"high_expression",223,"high_expression",3970,"high_expression",2259,"high_expression",952,"high_expression"
"PFEIFFER_HAEMATOPOIETIC_AND_LYMPHOID_TISSUE","male",78,"male_range",19123,"high_expression",13392,"high_expression",24043,"high_expression",3442,"high_expression",42560,"high_expression",512,"high_expression",10369,"high_expression",9596,"high_expression",4150,"high_expression"
"PK1_PANCREAS",NA,15,"male_range",9823,"high_expression",3956,"high_expression",3414,"high_expression",105,"intermediate_expression",23,"female_range",137,"high_expression",4603,"high_expression",2042,"high_expression",2,"female_range"
"PL21_HAEMATOPOIETIC_AND_LYMPHOID_TISSUE","male",42,"male_range",15692,"high_expression",4837,"high_expression",12111,"high_expression",5,"female_range",88422,"high_expression",270,"high_expression",5,"female_range",4649,"high_expression",3296,"high_expression"
"PRECLH_PROSTATE",NA,18,"male_range",9885,"high_expression",1177,"high_expression",5467,"high_expression",293,"high_expression",12946,"high_expression",16,"intermediate_expression",13329,"high_expression",2753,"high_expression",1678,"high_expression"
"RAJI_HAEMATOPOIETIC_AND_LYMPHOID_TISSUE","male",57,"male_range",39350,"high_expression",13732,"high_expression",9666,"high_expression",0,"female_range",66275,"high_expression",7,"female_range",6291,"high_expression",4679,"high_expression",2922,"high_expression"
"RDES_BONE","male",76,"male_range",26501,"high_expression",6617,"high_expression",11611,"high_expression",1227,"high_expression",81342,"high_expression",297,"high_expression",8627,"high_expression",4084,"high_expression",4708,"high_expression"
"REC1_HAEMATOPOIETIC_AND_LYMPHOID_TISSUE","male",66,"male_range",14375,"high_expression",10219,"high_expression",11816,"high_expression",94,"intermediate_expression",43888,"high_expression",153,"high_expression",7421,"high_expression",4504,"high_expression",4196,"high_expression"
"RERFLCAD2_LUNG","male",52,"male_range",8466,"high_expression",3347,"high_expression",2983,"high_expression",38,"female_range",66224,"high_expression",582,"high_expression",6152,"high_expression",1437,"high_expression",2842,"high_expression"
"RERFLCKJ_LUNG","male",39,"male_range",22149,"high_expression",8097,"high_expression",16308,"high_expression",36,"female_range",73269,"high_expression",418,"high_expression",21031,"high_expression",6702,"high_expression",4287,"high_expression"
"RERFLCMS_LUNG",NA,41,"male_range",21713,"high_expression",7661,"high_expression",11772,"high_expression",1067,"high_expression",61970,"high_expression",201,"high_expression",9339,"high_expression",3275,"high_expression",4145,"high_expression"
"RH30_SOFT_TISSUE","male",49,"male_range",3304,"high_expression",4574,"high_expression",3921,"high_expression",126,"intermediate_expression",35750,"high_expression",4,"female_range",1291,"high_expression",587,"high_expression",1159,"high_expression"
"RL_HAEMATOPOIETIC_AND_LYMPHOID_TISSUE","male",21,"male_range",6307,"high_expression",5458,"high_expression",3383,"high_expression",5,"female_range",28735,"high_expression",49,"high_expression",912,"high_expression",1058,"high_expression",708,"high_expression"
"RPMI8226_HAEMATOPOIETIC_AND_LYMPHOID_TISSUE","male",44,"male_range",8929,"high_expression",4673,"high_expression",6350,"high_expression",0,"female_range",13203,"high_expression",341,"high_expression",5017,"high_expression",1627,"high_expression",509,"high_expression"
"RT4_URINARY_TRACT","male",25,"male_range",11699,"high_expression",7273,"high_expression",10927,"high_expression",2453,"high_expression",48659,"high_expression",1192,"high_expression",8961,"high_expression",4403,"high_expression",3630,"high_expression"
"RVH421_SKIN","male",41,"male_range",9310,"high_expression",3384,"high_expression",4562,"high_expression",251,"high_expression",29840,"high_expression",34,"high_expression",2885,"high_expression",3278,"high_expression",1704,"high_expression"
"SALE_LUNG",NA,20,"male_range",16423,"high_expression",2698,"high_expression",6296,"high_expression",592,"high_expression",23286,"high_expression",34,"high_expression",12806,"high_expression",2241,"high_expression",1919,"high_expression"
"SBC5_LUNG",NA,84,"male_range",32813,"high_expression",2,"female_range",1,"female_range",3,"female_range",70870,"high_expression",585,"high_expression",7787,"high_expression",4076,"high_expression",2484,"high_expression"
"SCABER_URINARY_TRACT","male",54,"male_range",6662,"high_expression",1934,"high_expression",2910,"high_expression",591,"high_expression",14259,"high_expression",64,"high_expression",3244,"high_expression",1215,"high_expression",1322,"high_expression"
"SCC15_UPPER_AERODIGESTIVE_TRACT","male",51,"male_range",14116,"high_expression",5534,"high_expression",5569,"high_expression",894,"high_expression",43383,"high_expression",228,"high_expression",7614,"high_expression",4232,"high_expression",3077,"high_expression"
"SCC9_UPPER_AERODIGESTIVE_TRACT","male",43,"male_range",23949,"high_expression",8,"female_range",18,"female_range",675,"high_expression",28799,"high_expression",73,"high_expression",19958,"high_expression",4480,"high_expression",4000,"high_expression"
"SCLC21H_LUNG","male",59,"male_range",24728,"high_expression",4138,"high_expression",5900,"high_expression",862,"high_expression",56470,"high_expression",310,"high_expression",7775,"high_expression",3414,"high_expression",980,"high_expression"
"SF268_CENTRAL_NERVOUS_SYSTEM",NA,70,"male_range",4577,"high_expression",1865,"high_expression",2712,"high_expression",636,"high_expression",86571,"high_expression",150,"high_expression",854,"high_expression",754,"high_expression",2064,"high_expression"
"SIMA_AUTONOMIC_GANGLIA","male",84,"male_range",12463,"high_expression",2460,"high_expression",3192,"high_expression",3983,"high_expression",48491,"high_expression",132,"high_expression",3931,"high_expression",1930,"high_expression",769,"high_expression"
"SJSA1_BONE","male",70,"male_range",17571,"high_expression",5172,"high_expression",8106,"high_expression",2092,"high_expression",36479,"high_expression",17,"intermediate_expression",8442,"high_expression",0,"female_range",2622,"high_expression"
"SKCO1_LARGE_INTESTINE","male",67,"male_range",824,"intermediate_expression",4078,"high_expression",11534,"high_expression",8,"female_range",9650,"high_expression",195,"high_expression",424,"high_expression",258,"high_expression",484,"high_expression"
"SKES1_BONE","male",101,"male_range",15202,"high_expression",4210,"high_expression",6694,"high_expression",1671,"high_expression",40247,"high_expression",295,"high_expression",4528,"high_expression",2720,"high_expression",3353,"high_expression"
"SKM1_HAEMATOPOIETIC_AND_LYMPHOID_TISSUE","male",52,"male_range",4694,"high_expression",1232,"high_expression",2239,"high_expression",352,"high_expression",14290,"high_expression",44,"high_expression",602,"high_expression",385,"high_expression",391,"high_expression"
"SKMEL1_SKIN","male",45,"male_range",17436,"high_expression",6594,"high_expression",8985,"high_expression",1158,"high_expression",46087,"high_expression",137,"high_expression",4152,"high_expression",4092,"high_expression",2738,"high_expression"
"SKMEL24_SKIN","male",60,"male_range",16862,"high_expression",5449,"high_expression",4712,"high_expression",44,"female_range",50853,"high_expression",11,"female_range",4345,"high_expression",3256,"high_expression",3741,"high_expression"
"SKMEL30_SKIN","male",57,"male_range",18844,"high_expression",2735,"high_expression",3842,"high_expression",1,"female_range",48,"female_range",71,"high_expression",2317,"high_expression",2828,"high_expression",2967,"high_expression"
"SKNBE2_AUTONOMIC_GANGLIA","male",74,"male_range",20290,"high_expression",4918,"high_expression",7669,"high_expression",4932,"high_expression",63219,"high_expression",321,"high_expression",8287,"high_expression",3098,"high_expression",2251,"high_expression"
"SKNFI_AUTONOMIC_GANGLIA","male",107,"male_range",22249,"high_expression",7501,"high_expression",8339,"high_expression",2025,"high_expression",29631,"high_expression",572,"high_expression",5563,"high_expression",2531,"high_expression",2155,"high_expression"
"SLR26_KIDNEY",NA,34,"male_range",15546,"high_expression",5127,"high_expression",7033,"high_expression",4364,"high_expression",56576,"high_expression",195,"high_expression",7802,"high_expression",4156,"high_expression",1793,"high_expression"
"SNU1040_LARGE_INTESTINE","male",47,"male_range",17959,"high_expression",6339,"high_expression",4079,"high_expression",2,"female_range",76019,"high_expression",1397,"high_expression",5879,"high_expression",1644,"high_expression",2107,"high_expression"
"SNU1066_UPPER_AERODIGESTIVE_TRACT","male",199,"male_range",11231,"high_expression",2865,"high_expression",4377,"high_expression",764,"high_expression",28279,"high_expression",204,"high_expression",4464,"high_expression",4271,"high_expression",1433,"high_expression"
"SNU1076_UPPER_AERODIGESTIVE_TRACT","male",69,"male_range",11826,"high_expression",5031,"high_expression",7062,"high_expression",2205,"high_expression",54825,"high_expression",314,"high_expression",16129,"high_expression",7418,"high_expression",3106,"high_expression"
"SNU1079_BILIARY_TRACT",NA,61,"male_range",16267,"high_expression",4164,"high_expression",7723,"high_expression",1930,"high_expression",65554,"high_expression",124,"high_expression",5552,"high_expression",3506,"high_expression",1482,"high_expression"
"SNU1105_CENTRAL_NERVOUS_SYSTEM","male",53,"male_range",6680,"high_expression",1692,"high_expression",2403,"high_expression",1124,"high_expression",18162,"high_expression",21,"high_expression",2248,"high_expression",756,"high_expression",948,"high_expression"
"SNU182_LIVER","male",82,"male_range",21481,"high_expression",15773,"high_expression",5581,"high_expression",278,"high_expression",48903,"high_expression",3,"female_range",7605,"high_expression",3152,"high_expression",2728,"high_expression"
"SNU1_STOMACH","male",37,"male_range",20896,"high_expression",8521,"high_expression",10432,"high_expression",2695,"high_expression",67139,"high_expression",4,"female_range",3383,"high_expression",2300,"high_expression",3508,"high_expression"
"SNU201_CENTRAL_NERVOUS_SYSTEM","male",52,"male_range",12219,"high_expression",4340,"high_expression",5929,"high_expression",2582,"high_expression",27763,"high_expression",178,"high_expression",5360,"high_expression",2002,"high_expression",1455,"high_expression"
"SNU213_PANCREAS","male",53,"male_range",10301,"high_expression",2988,"high_expression",2993,"high_expression",6,"female_range",37495,"high_expression",129,"high_expression",6005,"high_expression",2111,"high_expression",1678,"high_expression"
"SNU349_KIDNEY","male",59,"male_range",6252,"high_expression",2684,"high_expression",2165,"high_expression",3072,"high_expression",38394,"high_expression",75,"high_expression",4742,"high_expression",4700,"high_expression",1423,"high_expression"
"SNU407_LARGE_INTESTINE","male",21,"male_range",11430,"high_expression",3385,"high_expression",10497,"high_expression",1,"female_range",51050,"high_expression",328,"high_expression",7662,"high_expression",2412,"high_expression",1740,"high_expression"
"SNU423_LIVER","male",56,"male_range",14990,"high_expression",10,"female_range",2142,"high_expression",344,"high_expression",26037,"high_expression",71,"high_expression",3516,"high_expression",1487,"high_expression",987,"high_expression"
"SNU466_CENTRAL_NERVOUS_SYSTEM","male",55,"male_range",9188,"high_expression",3241,"high_expression",4109,"high_expression",1320,"high_expression",32121,"high_expression",93,"high_expression",2784,"high_expression",2222,"high_expression",1668,"high_expression"
"SNU475_LIVER","male",310,"male_range",8562,"high_expression",2830,"high_expression",4854,"high_expression",2,"female_range",20012,"high_expression",109,"high_expression",18,"female_range",1021,"high_expression",1040,"high_expression"
"SNU489_CENTRAL_NERVOUS_SYSTEM","male",43,"male_range",10189,"high_expression",3009,"high_expression",3812,"high_expression",1993,"high_expression",43931,"high_expression",132,"high_expression",5180,"high_expression",2627,"high_expression",1509,"high_expression"
"SNU601_STOMACH","male",43,"male_range",4928,"high_expression",4948,"high_expression",6191,"high_expression",9,"female_range",29617,"high_expression",212,"high_expression",1401,"high_expression",2963,"high_expression",2725,"high_expression"
"SNU626_CENTRAL_NERVOUS_SYSTEM","male",56,"male_range",11970,"high_expression",8711,"high_expression",9037,"high_expression",2074,"high_expression",31121,"high_expression",217,"high_expression",4884,"high_expression",4036,"high_expression",2281,"high_expression"
"SNU719_STOMACH","male",45,"male_range",14,"female_range",3269,"high_expression",8063,"high_expression",1,"female_range",13854,"high_expression",272,"high_expression",5,"female_range",2758,"high_expression",1436,"high_expression"
"SNU886_LIVER","male",80,"male_range",27800,"high_expression",7563,"high_expression",12163,"high_expression",445,"high_expression",68346,"high_expression",336,"high_expression",83,"intermediate_expression",4091,"high_expression",3922,"high_expression"
"SNUC4_LARGE_INTESTINE","male",89,"male_range",15091,"high_expression",3829,"high_expression",6321,"high_expression",2,"female_range",33477,"high_expression",738,"high_expression",6316,"high_expression",21,"female_range",3572,"high_expression"
"SQ1_LUNG",NA,78,"male_range",15333,"high_expression",4499,"high_expression",2640,"high_expression",8,"female_range",37506,"high_expression",1374,"high_expression",4040,"high_expression",1772,"high_expression",2445,"high_expression"
"STM9101_SOFT_TISSUE",NA,9,"male_range",13231,"high_expression",2153,"high_expression",6588,"high_expression",755,"high_expression",20598,"high_expression",212,"high_expression",4537,"high_expression",1503,"high_expression",1539,"high_expression"
"SUDHL10_HAEMATOPOIETIC_AND_LYMPHOID_TISSUE","male",215,"male_range",13961,"high_expression",8475,"high_expression",4979,"high_expression",1531,"high_expression",82292,"high_expression",154,"high_expression",5017,"high_expression",4835,"high_expression",1961,"high_expression"
"SUDHL1_HAEMATOPOIETIC_AND_LYMPHOID_TISSUE","male",58,"male_range",4737,"high_expression",4317,"high_expression",7380,"high_expression",2,"female_range",40974,"high_expression",1,"female_range",1110,"high_expression",2789,"high_expression",851,"high_expression"
"SUDHL4_HAEMATOPOIETIC_AND_LYMPHOID_TISSUE","male",45,"male_range",15300,"high_expression",6953,"high_expression",4312,"high_expression",13,"female_range",61677,"high_expression",104,"high_expression",4074,"high_expression",4890,"high_expression",1529,"high_expression"
"SUPB15_HAEMATOPOIETIC_AND_LYMPHOID_TISSUE","male",90,"male_range",25280,"high_expression",8548,"high_expression",13172,"high_expression",1227,"high_expression",24343,"high_expression",603,"high_expression",7484,"high_expression",4934,"high_expression",3229,"high_expression"
"SUPT1_HAEMATOPOIETIC_AND_LYMPHOID_TISSUE","male",82,"male_range",8052,"high_expression",3971,"high_expression",4066,"high_expression",20,"female_range",17074,"high_expression",208,"high_expression",3711,"high_expression",2168,"high_expression",1455,"high_expression"
"SW1088_CENTRAL_NERVOUS_SYSTEM","male",142,"male_range",6708,"high_expression",2190,"high_expression",2103,"high_expression",1118,"high_expression",18438,"high_expression",23,"high_expression",2778,"high_expression",1008,"high_expression",1755,"high_expression"
"SW1116_LARGE_INTESTINE","male",129,"male_range",3604,"high_expression",1068,"high_expression",1451,"high_expression",4,"female_range",166,"female_range",303,"high_expression",972,"high_expression",883,"high_expression",730,"high_expression"
"SW1783_CENTRAL_NERVOUS_SYSTEM","male",65,"male_range",14431,"high_expression",5532,"high_expression",3726,"high_expression",1239,"high_expression",39381,"high_expression",10,"female_range",4067,"high_expression",1744,"high_expression",1912,"high_expression"
"T3M10_LUNG","male",136,"male_range",3441,"high_expression",2686,"high_expression",1675,"high_expression",654,"high_expression",42549,"high_expression",19,"intermediate_expression",4246,"high_expression",1861,"high_expression",1189,"high_expression"
"T98G_CENTRAL_NERVOUS_SYSTEM","male",52,"male_range",1812,"high_expression",3038,"high_expression",6469,"high_expression",689,"high_expression",31873,"high_expression",28,"high_expression",6311,"high_expression",1992,"high_expression",3012,"high_expression"
"TALL1_HAEMATOPOIETIC_AND_LYMPHOID_TISSUE","male",105,"male_range",13553,"high_expression",5840,"high_expression",11085,"high_expression",19,"female_range",21178,"high_expression",322,"high_expression",9791,"high_expression",3938,"high_expression",2819,"high_expression"
"TC71_BONE","male",77,"male_range",14133,"high_expression",4683,"high_expression",2301,"high_expression",100,"intermediate_expression",41113,"high_expression",70,"high_expression",2428,"high_expression",1518,"high_expression",1341,"high_expression"
"TE159T_FIBROBLAST","male",38,"male_range",20201,"high_expression",4713,"high_expression",6566,"high_expression",6424,"high_expression",30118,"high_expression",63,"high_expression",10023,"high_expression",2066,"high_expression",4222,"high_expression"
"TF1_HAEMATOPOIETIC_AND_LYMPHOID_TISSUE","male",120,"male_range",85504,"high_expression",16509,"high_expression",20613,"high_expression",2,"female_range",121785,"high_expression",535,"high_expression",5835,"high_expression",8567,"high_expression",10111,"high_expression"
"THP1_HAEMATOPOIETIC_AND_LYMPHOID_TISSUE","male",52,"male_range",21742,"high_expression",4457,"high_expression",17183,"high_expression",1392,"high_expression",64334,"high_expression",142,"high_expression",178,"high_expression",3209,"high_expression",2498,"high_expression"
"TIG3TD_FIBROBLAST",NA,15,"male_range",10506,"high_expression",3900,"high_expression",4963,"high_expression",1841,"high_expression",40263,"high_expression",12,"female_range",6833,"high_expression",1653,"high_expression",2267,"high_expression"
"TM87_SOFT_TISSUE",NA,21,"male_range",21073,"high_expression",2192,"high_expression",14687,"high_expression",2105,"high_expression",38522,"high_expression",230,"high_expression",7849,"high_expression",2796,"high_expression",2253,"high_expression"
"TO175T_FIBROBLAST","male",120,"male_range",16907,"high_expression",2208,"high_expression",4446,"high_expression",795,"high_expression",18834,"high_expression",23,"high_expression",6478,"high_expression",1403,"high_expression",3123,"high_expression"
"TT2609C02_THYROID","male",148,"male_range",8170,"high_expression",3615,"high_expression",2022,"high_expression",816,"high_expression",30222,"high_expression",144,"high_expression",4160,"high_expression",1464,"high_expression",2125,"high_expression"
"TTC642_SOFT_TISSUE",NA,8,"male_range",10295,"high_expression",3778,"high_expression",9297,"high_expression",0,"female_range",37454,"high_expression",194,"high_expression",4891,"high_expression",2439,"high_expression",2328,"high_expression"
"TTC709_SOFT_TISSUE",NA,29,"male_range",32075,"high_expression",5714,"high_expression",8150,"high_expression",1825,"high_expression",58897,"high_expression",311,"high_expression",6552,"high_expression",2429,"high_expression",3273,"high_expression"
"TUHR10TKB_KIDNEY",NA,63,"male_range",18203,"high_expression",4205,"high_expression",3028,"high_expression",1753,"high_expression",38964,"high_expression",215,"high_expression",3347,"high_expression",1980,"high_expression",1648,"high_expression"
"TUHR14TKB_KIDNEY",NA,105,"male_range",9590,"high_expression",2599,"high_expression",3690,"high_expression",2551,"high_expression",27262,"high_expression",63,"high_expression",8900,"high_expression",2224,"high_expression",1273,"high_expression"
"U118MG_CENTRAL_NERVOUS_SYSTEM",NA,62,"male_range",16937,"high_expression",3296,"high_expression",6962,"high_expression",1172,"high_expression",21094,"high_expression",62,"high_expression",6117,"high_expression",1748,"high_expression",3164,"high_expression"
"U178_CENTRAL_NERVOUS_SYSTEM","male",25,"male_range",15368,"high_expression",3839,"high_expression",10074,"high_expression",3271,"high_expression",31680,"high_expression",177,"high_expression",8411,"high_expression",1963,"high_expression",2659,"high_expression"
"U251MG_CENTRAL_NERVOUS_SYSTEM","male",25,"male_range",9484,"high_expression",3093,"high_expression",3719,"high_expression",1195,"high_expression",19959,"high_expression",143,"high_expression",4173,"high_expression",1828,"high_expression",1041,"high_expression"
"U266B1_HAEMATOPOIETIC_AND_LYMPHOID_TISSUE","male",15123,"high_expression",12121,"high_expression",5661,"high_expression",5520,"high_expression",75,"intermediate_expression",16942,"high_expression",445,"high_expression",3669,"high_expression",773,"high_expression",1950,"high_expression"
"U343_CENTRAL_NERVOUS_SYSTEM",NA,7,"male_range",30023,"high_expression",6291,"high_expression",9352,"high_expression",6275,"high_expression",67641,"high_expression",80,"high_expression",13461,"high_expression",4304,"high_expression",4288,"high_expression"
"VCAP_PROSTATE","male",38,"male_range",18584,"high_expression",6891,"high_expression",15561,"high_expression",604,"high_expression",78658,"high_expression",1468,"high_expression",21370,"high_expression",5577,"high_expression",8559,"high_expression"
"VMRCRCW_KIDNEY","male",97,"male_range",7563,"high_expression",1942,"high_expression",1337,"high_expression",612,"high_expression",43783,"high_expression",8,"female_range",6299,"high_expression",1772,"high_expression",1851,"high_expression"
"WM1799_SKIN",NA,76,"male_range",23649,"high_expression",7980,"high_expression",11548,"high_expression",3075,"high_expression",63872,"high_expression",93,"high_expression",10332,"high_expression",3929,"high_expression",5917,"high_expression"
"WM793_SKIN",NA,113,"male_range",7267,"high_expression",2017,"high_expression",3227,"high_expression",419,"high_expression",20370,"high_expression",25,"high_expression",4203,"high_expression",1139,"high_expression",1690,"high_expression"
"WM88_SKIN",NA,25060,"high_expression",7944,"high_expression",1740,"high_expression",2316,"high_expression",36,"female_range",23314,"high_expression",20,"intermediate_expression",1609,"high_expression",103,"intermediate_expression",1824,"high_expression"
"WM983B_SKIN",NA,118,"male_range",9767,"high_expression",2103,"high_expression",2207,"high_expression",82,"intermediate_expression",29722,"high_expression",3,"female_range",18,"female_range",1512,"high_expression",1476,"high_expression"
"WSUDLCL2_HAEMATOPOIETIC_AND_LYMPHOID_TISSUE","male",157,"male_range",6466,"high_expression",2751,"high_expression",3512,"high_expression",2,"female_range",31149,"high_expression",43,"high_expression",2242,"high_expression",2522,"high_expression",1279,"high_expression"
"YAPC_PANCREAS","male",135,"male_range",8859,"high_expression",3566,"high_expression",3892,"high_expression",73,"intermediate_expression",22399,"high_expression",1496,"high_expression",7754,"high_expression",2238,"high_expression",2025,"high_expression"
"YD10B_UPPER_AERODIGESTIVE_TRACT","male",89,"male_range",3710,"high_expression",777,"high_expression",1660,"high_expression",193,"high_expression",11180,"high_expression",24,"high_expression",3171,"high_expression",1075,"high_expression",324,"high_expression"
"YD15_SALIVARY_GLAND","male",114,"male_range",2023,"high_expression",996,"high_expression",1080,"high_expression",118,"intermediate_expression",11669,"high_expression",73,"high_expression",1595,"high_expression",650,"high_expression",681,"high_expression"
